NEW_EVENT_TAG,The Howling,06-10-2018,5
Adam Turner,UNKNOWN_ARMY,0/0/0
Craig Ross,UNKNOWN_ARMY,0/0/0
Lyndon Sinclair,UNKNOWN_ARMY,0/0/0
Phil King,UNKNOWN_ARMY,0/0/0
Krzysztof Witkowski,UNKNOWN_ARMY,0/0/0
Will Pollock,UNKNOWN_ARMY,0/0/0
Lee Hamilton,UNKNOWN_ARMY,0/0/0
Graeme Davidson,UNKNOWN_ARMY,0/0/0
Martin Swaffield,UNKNOWN_ARMY,0/0/0
Duffy,UNKNOWN_ARMY,0/0/0
David Nemeth,UNKNOWN_ARMY,0/0/0
Matt Rennie,UNKNOWN_ARMY,0/0/0
Kev Low,UNKNOWN_ARMY,0/0/0
Leigh Martin,UNKNOWN_ARMY,0/0/0
Mark Roberts,UNKNOWN_ARMY,0/0/0
Johnny Forde,UNKNOWN_ARMY,0/0/0
Liam Watt,UNKNOWN_ARMY,0/0/0
Phil McGuiness,UNKNOWN_ARMY,0/0/0
Gary Pollock,UNKNOWN_ARMY,0/0/0
John Bayliss,UNKNOWN_ARMY,0/0/0
Steve  Sanderson,UNKNOWN_ARMY,0/0/0
Adam Rawson,UNKNOWN_ARMY,0/0/0
Stu West,UNKNOWN_ARMY,0/0/0
Scott Smith,UNKNOWN_ARMY,0/0/0
Greig Summers,UNKNOWN_ARMY,0/0/0
Iain Hunter,UNKNOWN_ARMY,0/0/0
Sean McKechnie,UNKNOWN_ARMY,0/0/0
John Craig,UNKNOWN_ARMY,0/0/0
Andy Currie,UNKNOWN_ARMY,0/0/0
Calum Todd,UNKNOWN_ARMY,0/0/0
Michael Hanns,UNKNOWN_ARMY,0/0/0
Kat Fekete,UNKNOWN_ARMY,0/0/0
Jamie Ferguson,UNKNOWN_ARMY,0/0/0
Craig Graham,UNKNOWN_ARMY,0/0/0
James Chalmers,UNKNOWN_ARMY,0/0/0
JP Ganis,UNKNOWN_ARMY,0/0/0
Paul Di Duca,UNKNOWN_ARMY,0/0/0
Nathan Watson,UNKNOWN_ARMY,0/0/0
Erik Bews,UNKNOWN_ARMY,0/0/0
Dave Soutar,UNKNOWN_ARMY,0/0/0
John Harper,UNKNOWN_ARMY,0/0/0
Richard Hudspith,UNKNOWN_ARMY,0/0/0
