1,James Tinsdale,319
2,Dan Bradshaw,319
3,Jack Armstrong,319
4,Tom Mawdsley,319
5,Leo Rautomen,317
6,Chris Caves Jr,317
7,Benjamin Savva,316
8,Tony Moore,315
9,Darren Watson,315
10,James Ganis,314
11,Andy Hughes,314
12,Matthew Gouldesbrough,314
13,Michael Wilson,313
14,Bryan Carmichael,313
15,Chris Myhill,313
16,Leigh Martin,313
17,Ric Myhill,313
18,Daniel Ford,312
19,Laurie H,312
20,Ritchie McAlley,311
21,JP Stevens,311
22,Martin Morrin,311
23,Richard Arnolds,310
24,Mark Wildman,309
25,Steve Curtis,308
26,John Bayliss,308
27,Liam Watts,308
28,Daniil Osudin,307
29,Andy Bryan,306
30,Max Barton,305
31,Craig Namvar,305
32,Toby Meadows,305
33,Les Martin,305
34,Sam Loving,304
35,Dan George,304
36,Ben Curry,304
37,Alex Bruce,303
38,Anthony Boulton,303
39,Ben Johnson,301
40,Marc Brookes,300
41,Nathan Watson,298
42,Terry Pike,298
43,Liam Cook,298
44,Matt Lyons,297
45,Byron Orde,297
46,Owen Jackson,297
47,Gary Percival,296
48,Paul Buckler,296
49,Ian Spink,295
50,Teck Loy,295
51,Mark Busby,295
52,Daniel Ryan,295
53,Adrian McWalter,295
54,Mike Callaghan,295
55,Joe McGough,295
56,Russ Veal,295
57,James Chalmers,294
58,Ben Murphy,292
59,William Barton,292
60,Matthew Feltham,290
61,Colin Cochrane,290
62,Daniel White,289
63,Michael Stewart,289
64,Simon Eccles,289
65,Chris Tomlin,289
66,Karl Breakspear,288
67,Stephen Mitchell,287
68,John Craig,286
69,Adam Mumford,286
70,Richard Buckler,285
71,John Burgess,285
72,Gabe Huddlestone,285
73,Martin Swaffield,284
74,Eric Hoerger,284
75,David Jack,284
76,Adam Cunis,283
77,Chris Banks,283
78,Thomas Waller,283
79,Jack Mayland,282
80,Craig Graham,282
81,Mike Wilding,282
82,Chris Francis,281
83,Michael Brough,281
84,David Nemeth,281
85,Donal Taylor,281
86,Sam Saunders,280
87,Ricky Mee,280
88,Rob Hull,280
89,Adam Hall,280
90,Tom Bell,279
91,Neil Montgomery,279
92,Vincent Chan,278
93,James Boots,276
94,Christian Moore,275
95,Dan Mitchell,275
96,Player,275
97,Sebastian Del Monte,274
98,Declan McKitrich,274
99,Louis Medows,273
100,Ben Mardle,273
101,Joe Purcell,273
102,Rob Wright,273
103,Neil Samuels,272
104,James Powell,272
105,Alex Kew,269
106,Phil McGuiness,269
107,Alex Jones,269
108,Thomas Lemoine,268
109,Simon Cobb,266
110,Seb Donley,266
111,Stuart West,264
112,William Philpott,263
113,Maxime Julian,262
114,Jj Cropley,262
115,Daniel Scott,261
116,Tom Fretwell,260
117,Mike Newman,260
118,Nick Thompson,260
119,Rob Nixon,259
120,Chris Caves Snr,259
121,Mark Curtis,259
122,Steven Phillips,257
123,James Grant,257
124,Matt Rennie,256
125,Simon Froley,256
126,Daniel Arnold,255
127,Chris Hibbins,254
128,Richard Hudspith,253
129,Ben Cronin,253
130,Dave Carter,253
131,Rob Bradley,251
132,Andrew Lewis,251
133,Dave Glaysher,249
134,Darron Styles,249
135,James Hobbs,248
136,Heath Barnes,246
137,Adam Sinclair,246
138,Shane Ford,246
139,Kevin Grimes,246
140,Craig Chesters,246
141,Will O'Siorain,245
142,James Williams,244
143,Miles Hewitt,244
144,Michael Wendel,243
145,Nathan Sandison,243
146,Ralph Hughes,242
147,Micheal Bennett,242
148,Paul Marshallsay,241
149,Jay Kinsella,241
150,Charles Hollom,240
151,Tim Unwin,240
152,Matthew Croad,239
153,Andy Talbot,239
154,Marc Wilson,238
155,Sam Watson,237
156,Ciaran Smyth,237
157,Will Spencer,236
158,Aaron Walters,235
159,Darren Phipps,235
160,Michael Browning,235
161,Joel Smith,233
162,Dave Robinson,232
163,Aaron Wilson,232
164,Balal Zafar,232
165,John Connelly,232
166,Johnny Armstrong,232
167,Ellis Priestley,230
168,Will Rose,230
169,Carl Bagnall,229
170,Mark Roberts,229
171,Andy Davies,229
172,Anthony Lewis,228
173,Andrew Stephen,227
174,Angus Brain,227
175,Matthew Pardoe,226
176,Rob Kelly,225
177,Tom Lees,224
178,Ollie Fox,224
179,Matthew Arnold,224
180,Ceri Robson,224
181,Janos Szaniszlo,223
182,Sam Sendell,223
183,Lee Bromley,222
184,Callum Sinclair,221
185,Paul Haley,221
186,Simon Holmes,221
187,Kevin Low,221
188,Forrest Wilhoite,221
189,Tom Gilboy,220
190,Adam Rawson,220
191,John Williams,220
192,Chris Carroll,220
193,Alex Tooth,218
194,Hugh Halligan,218
195,Ross Joyce,217
196,Tom Parry,217
197,Andy Scott,217
198,Joe Clark,217
199,Chris Archibald,217
200,Ethan Leach,217
201,Paul di Duca,216
202,Aiden Clieve,215
203,Craig Morrow,215
204,Stuart Millar,214
205,Chris Mills,213
206,Piotr Kurkowski,212
207,Nick Featherstone,211
208,Ian Ralph,211
209,Jonathan Forde,211
210,George Vathipoulias,210
211,Alan Witherden,209
212,Myles Mulkerrins,208
213,Greg Shelton,208
214,Richard Flood,208
215,Aaron Bailey,207
216,Matthew Walker,206
217,George Moudatsos,206
218,Richard Elsdon,205
219,Giannis Sourtzis,202
220,Adam Martin,202
221,Tom Hewitt,202
222,James Warth,201
223,Travis Kelly,201
224,Ken Chambers,201
225,Wayne Rendell,201
226,Joe Jackson,200
227,Nicholas Ruesink,200
228,Luke Power,200
229,John Dale,200
230,Luke Whitehead,199
231,Peter Humpage,197
232,Ben Raven,196
233,Paul Coram,194
234,Tim Holbrook,194
235,Alex Ley,194
236,Jake Powis,194
237,Martin Clarke,193
238,Jack Westaway,192
239,Andy Wood,192
240,Andy Brown,191
241,Sean McKechnie,190
242,Conor McNama,190
243,Rob Symes,189
244,Liam Jordan,189
245,Adam Riley,188
246,David Kane,188
247,Stuart Hodges,187
248,Adrian Downey,185
249,George Newbould,185
250,Alasdair Hutchinson,183
251,Jack McQuiggin,183
252,Kieran Harper,183
253,Paul Rea,182
254,Steve Dooley,182
255,Jason Hodgekinson,181
256,Troy Hardy,180
257,Danny Cashman,180
258,Scott Smith,179
259,Matt Tinsdale,178
260,Chris Nellis,178
261,Luke Evans,177
262,John Harper,177
263,Darryl Jones,177
264,Declan Waters,177
265,Gareth Holmes,177
266,Kyle Brunskill,176
267,Jack Spencer,175
268,Arran Folly,174
269,Ben Smith,174
270,Lee Kay,174
271,Obaid Bin,172
272,Lukas Madaj,171
273,Matt Robinson,171
274,Michael Cook,170
275,Nigel Bartlett,169
276,Lyndon Sinclair,169
277,Frank Straw,169
278,Danny Biddle,169
279,Alex McGee,169
280,Jamie McHugh,169
281,Josh Cann,168
282,Matt Robertson,167
283,Steve McCormick,166
284,Andy Currie,166
285,Ben Bailey,165
286,Tom Blaxall,164
287,James Wilson,163
288,Paul Whitehead,163
289,Thomas Hamilton,163
290,Matthew Hinton,162
291,Lee Whitely,161
292,Tom Bailey,160
293,Luke Morton,159
294,Shaun Lang,159
295,Pete Bradley,158
296,Daniel Asensio,158
297,Mikey Gilson,158
298,Lewis Sloan,157
299,John Greene,157
300,Craig Carlton,157
301,Chris Elliot,157
302,Anthony Poole,156
303,James Clark,156
304,Lewis Swan,156
305,Ben Gomm,155
306,Johnathon Pano Kyprianidis,155
307,Ian O'Brien,154
308,Pete Wrench,154
309,Dave Roberts,154
310,James Box,154
311,James Eveleigh,154
312,William Morris,152
313,Bryn Roberts,152
314,Matt Willis,152
315,Dean McLaughlin,151
316,Daniel Elkington,151
317,Grant Fraser,150
318,Elliot Ireland,150
319,Matt Harrison,150
320,Kane Holloway,149
321,Andrew Hughes,149
322,Phil Walter,149
323,Mike Thomas,148
324,Stu Wolf,147
325,Guillaume Garnier,147
326,Adam Turner,147
327,James Houston,146
328,Nathan Prescott,146
329,Wil Johnson,146
330,Phillippe Peylet,146
331,Katalin Fekete,146
332,Mathew Crowther,146
333,Joshua Jenkins,146
334,Christophe Salemi,145
335,David Smyth,145
336,Lindon Wedgewood,144
337,Martjin Zuidema,144
338,Ben Harper,144
339,Kevin Gillett,144
340,David Rolland,144
341,Tom Roberts,143
342,Dominic Hook,142
343,Martyn Furnival,142
344,Aaron Vietch,142
345,James Field,142
346,Lee Downes,141
347,Andy Lampkin,141
348,Dermot Lacey,141
349,Charles Nolan,141
350,Richard Morley,141
351,Alex Johnson,139
352,Matthew Sandiford,139
353,Reece West,139
354,Finn Melton,139
355,Stuart Mann,139
356,Jonny Statham,138
357,Mark Storrar,137
358,Peter Pratt,136
359,Jane Slater,136
360,Matt Clarke,136
361,Cain O'Siorain,135
362,Simon Fitzpatrick,135
363,Dean Lymath,135
364,Hamid Khabbazan,135
365,Wayne Millaer,135
366,Andy Farrell,135
367,Ian Tong,134
368,Simon Weakley,134
369,Tom Matthews,133
370,Adam Hazelwood,133
371,Tom Fildes,132
372,Keirran Wilson,132
373,Jack Maiden,132
374,Francois Mercier,132
375,Andrew Hodges,132
376,Des Brennan,131
377,Ross Howard,131
378,Phillip Jenkins,131
379,Marc Davies,131
380,Julien Duvoux,130
381,Owyn Abram,130
382,Ian Veitch,129
383,Colin Mather,128
384,Matthew Ward,128
385,John Dorrian,127
386,Daniel Biddle,127
387,Simon Partridge,127
388,James Pickup,127
389,Matt Dawson,126
390,Jenny Lyons,126
391,Dan Hughes,126
392,Grant Mudie,125
393,Gary Bullha,124
394,Trev Moffat,123
395,Steve Wren,123
396,Carl Smith,123
397,David Neagle,123
398,Erik Bews,122
399,Patrick O'Sullivan,121
400,Nathan Foster,121
401,Ben van Buul,121
402,Tim Martin,121
403,Chris Smith,120
404,Mathew Davies,120
405,Eoin Lennon,120
406,Thomas Lawler,119
407,Liam Hall,119
408,Bjorn Malmborg,119
409,Pete Scholey,118
410,Chris McConville,118
411,Jes Bickham,118
412,James Bedford,118
413,Liam Tommey,117
414,Neil Peckett,117
415,Rob Boyce,117
416,Matt Roberts,116
417,Glen Caldecott,116
418,Steven Lumsdale,116
419,Will Pollock,116
420,Robert Sedgeman,116
421,Ade Thompson,115
422,Stephen Smith,115
423,Tom Patton,115
424,Kyle Staton,115
425,Duncan Woods,114
426,Ben Crowe,114
427,Adam Clark,114
428,Jack Carruthers,114
429,Ross Mason,114
430,Padds Paddon,114
431,Ben Cochrane,113
432,Lars Hellwig,113
433,Matthew Bennett,112
434,Gary Pollock,112
435,Jon Cann,112
436,Jamie Muscroft,112
437,Dave Busse,112
438,Rhuairidh James,111
439,Josh Stevenson,110
440,Solomon Morrow,110
441,Nigel Chorlton,110
442,Ben Price,110
443,Samuel Green,109
444,Matthew Spears,109
445,Paul Berridge,109
446,Liam Hartles,109
447,David Thompson,109
448,Kevin Chandler,108
449,Tom Landy,108
450,Ross Edwards,108
451,Patric Frowein,107
452,Andy Thornley,107
453,Reuben Beard,107
454,Nigel Barham,107
455,Tom Holmes,106
456,Jack Masters,105
457,Jack Davenport,105
458,Tom Bunnell,105
459,Alessandro Leto,105
460,Paul Bowden,104
461,Gareth Parfitt,103
462,Alex Piper,103
463,Brook Hirst,103
464,Jamie White,102
465,Anthony Moylan,102
466,Mark Pinnington,101
467,James Beeden,101
468,Mark Carrigher,101
469,Peter Del,101
470,Ben Clayton,101
471,Paul Burrows,100
472,Peter Michaels,100
473,Stephen Ramage,99
474,Phil Shaw,99
475,Evan White,99
476,Iain Hunter,99
477,Matt Hammond,98
478,Rory Carter,98
479,Tim Fisher,98
480,Dean McGunigall,98
481,Andy Mackay,98
482,Stevie Kilmister,98
483,Martin Scandling,98
484,Mark Mitzman,98
485,Jason Smith,97
486,Patrick Rance,97
487,Callum Watson,97
488,Sam Parish,96
489,Gabriele Sosso,96
490,Matt Scarrott,96
491,Rhys Hallet,96
492,Thomas Blaxall,95
493,Shane Kingston,95
494,Tim Bland,94
495,Dave Knatt,94
496,Dan Comeau,94
497,Lee Hamilton,94
498,Matt Smith,93
499,Rob Wales,93
500,Tom Bridges,93
501,Alun Haines,92
502,Will Ward,92
503,Luke Alford,91
504,Richy Amphlett,91
505,Ben Baugh,91
506,Richard Belfield,91
507,Stephen Follows,91
508,Graeme Davidson,90
509,James Kavanagh,90
510,Mikey Galvin,90
511,Chris Hallam,90
512,Collin Collar,88
513,Chris Ashworth,88
514,Chris Lewis,88
515,Ric Ellis,87
516,Chris Green,87
517,Graham Shirley,86
518,Lawrence Craven,86
519,Ritchie Sanisteben,86
520,Dan Barwick,86
521,David Fulbrook,86
522,Michael Byrne,86
523,Dan Buchanan,85
524,Ray Standage,85
525,Michael Cooper,85
526,Keith Ball,85
527,Allen Frank,85
528,Steve Milford,84
529,Emyr Rice,84
530,Ben Booker,84
531,Ross McGowan,84
532,Ben Diesel,84
533,Carl Hewson,83
534,Gareth Ravenscroft,83
535,Alex Cawthra,82
536,Edward Hamon,82
537,Jay Finnegan,82
538,Tim Pearce,81
539,Stephen Rose,81
540,Samuel Pett,81
541,Steve Hursell,80
542,Josh Tetley,80
543,Michael Wills,80
544,Andy Smilie,80
545,Dave Fraser,80
546,Clemens Arndt Lange,79
547,Alex Clark,79
548,Eddie Eccles,79
549,Kim Dreamer,79
550,Chris Nielson,79
551,Ian Hannam,79
552,Philipp Kartaev,79
553,Henrik Reschreiter,78
554,Stuart Hastings,78
555,Gaz Hughes,78
556,Andrew Burton,78
557,Sam Vaughan,78
558,Arron Hazell,78
559,Damien Medhurst,78
560,Francis Arthur,78
561,Ryan Dell,78
562,Andrew Johnson,78
563,Anthony Kirby,78
564,Sam Freeman,77
565,John McCarthy,77
566,Darran Palmer,77
567,Craig Reead,77
568,Matthew Austen,77
569,Chris Young,77
570,Barry White,77
571,Nicky Martin,76
572,Mike Austin,76
573,Ben Seymour,76
574,Sam Bolton,76
575,Paul Given,76
576,Joseph Carr,76
577,Euan Hogg,76
578,Tom Brown,76
579,Joshua Richards,75
580,Jon Lee,75
581,Ed Illsley,75
582,Sam Ryman,74
583,Matthew Byrne,74
584,Keith Winquist,74
585,Shaun Clarke,74
586,Hayden McMurray,74
587,David Ellis,74
588,Garry Marshall,74
589,Dave King,74
590,Kyle Edwards,74
591,James Allen,74
592,Dave Cooper,74
593,Daniel Parker,74
594,Marc Murphy,74
595,Sean Murray,73
596,Rob Cousins,73
597,Luke Garside,73
598,Gareth Wynn,73
599,John Kiddell,72
600,Nick Pilgrim,72
601,Spencer Talbot,72
602,Charles Sealey,72
603,James Thompson,72
604,Zac Rowe,72
605,Nick Hoen,72
606,Mike Parker,71
607,Phil Dodd,71
608,Hugh Wilson,71
609,Daniel Harston,71
610,Jon Green,71
611,James Johnson,71
612,Adam Button,71
613,Patrick Taylor,70
614,Brad Glover,70
615,Jordan,70
616,Christine Coram,70
617,Ryan Pearson,70
618,Tom Fownes,69
619,Paul Petford,69
620,Mal Edge,69
621,Ayton Hilmi,69
622,Colin Ruddell,69
623,James Roberts,68
624,Marius Helland Prestoy,68
625,Luke Torr,68
626,Tim Gibbs,68
627,Jon Kerr,68
628,Ian Marley,68
629,Shane Hurley,68
630,Simon McPolin,68
631,Wayne Kemp,67
632,Greg Davis,67
633,George Theodosopoulos,67
634,David Cook,67
635,Keith Baggott,67
636,Gavin Dorrigan,67
637,Alastair Maxwell,66
638,James Brown,66
639,John Lampe,66
640,Pablo Plaza Fernandez,66
641,Samuel Wakley,66
642,Phil Andreev,66
643,Josh Hardman,66
644,Len Buchanan,66
645,Scott Harmon,66
646,Matt Shepperson,66
647,Konstantinos Tampakis,66
648,JP Gains,65
649,Jason Stanyer,65
650,Kev Harrington,65
651,Martin Laughlin,65
652,Michael Husmann,65
653,Thomas Lambert,65
654,Richard Nutter,65
655,Chris Vect,65
656,Henry Poor,65
657,Adam Jones,64
658,Jamie Denny,64
659,Liam Bushell,64
660,Andrew Hutchinson,64
661,Mark Saunders,64
662,Jack Everitt,64
663,Rory Searles,64
664,Alan Salkilld,64
665,Mat Wetton,63
666,Simon Potter,63
667,Rich Parkes,63
668,Sam Finch,63
669,Owen Farmer,63
670,Scott Baker,62
671,Laura McNeill,62
672,Ben Wood,62
673,Aaron Young,62
674,Dylan Usher,62
675,Kat Binley,62
676,Richard Taylor,61
677,Jonathan Keighyley,61
678,Joe Hadfield,61
679,Dan Heelan,61
680,Simon Thmpson,61
681,Sam Wheeler,61
682,Eilir Davies,61
683,Simon Bradbury,61
684,Simon Dusing,61
685,Nick Horth,61
686,Will Holley,60
687,Christian White,60
688,Matthew Brasier,60
689,Clinton Liem,59
690,Chris Naish,59
691,Erik Niemz,59
692,Gary Fisher,59
693,Alex Hey,59
694,Fraser McWhirter,59
695,Jiwan Noah Singh,59
696,Omar Valero,59
697,Dan Long,59
698,Jason Ashford,59
699,Michael McDonnell,58
700,Simon Holdridge,58
701,Tom May,58
702,Brandon Watkins,58
703,Richard Strachan,58
704,Simon Finch,58
705,Eddie Alcock,58
706,Steven Johnston,58
707,Jon Askham,58
708,Pierre,57
709,Kyle Dunn,57
710,Malachy McCrudden,57
711,George Bearman,57
712,Duncan Stacy,57
713,Richard Eddon,57
714,Dave McGowan,57
715,Dean Stinton,57
716,David Jennings,57
717,John Thompson,57
718,Kevin Mossman,57
719,Ryan Mollen,57
720,Adam Devonshire,57
721,Max Gifford,56
722,Steve Sanderson,56
723,Colin Weinling,56
724,Lewis Fitzgerald,55
725,Harry Warmill,55
726,Andrew Newton,55
727,Andy Green,55
728,Romain Eretz Bedault,55
729,Sam Pearson,55
730,Zak Russell,55
731,Zak Foote,55
732,Kieron Allender,55
733,Alex Zwissler,55
734,Nick Holden,54
735,Courtney Brightwell,54
736,Nick Tolfree,54
737,Pete Foley,54
738,Dietmar Zwissler,54
739,Izaak Garner,54
740,Luke Salter,54
741,Adam Bell,53
742,Daniel Pattenden,53
743,Rob Darbyshire,53
744,Charles Fryer,53
745,Ash Hale,53
746,Dean McKitrick,53
747,Chris Allison,53
748,Chris Brine,53
749,Sam Elgar,53
750,Elliott Haugh,52
751,Andreas Steckmeier,52
752,Matthew Ainge,52
753,Melanie Pattenden,52
754,Izzy Moore,52
755,Alastair King,52
756,Ned Brown,51
757,Philipp Will,51
758,Toby Doyle,51
759,Robert Crouchley,51
760,Adam McColgan,51
761,James Marsden,51
762,Russ Ward,50
763,Nick Peart,50
764,Alan Hancox,50
765,James Critchley,50
766,Mark Williams,50
767,Dan Seymour,50
768,Peter Orton,50
769,Dean Morrison,50
770,Joe Roxborough,50
771,Thomas Freegard,50
772,Kyle Aspinall,50
773,Lucy Child,50
774,Matthias Mao,50
775,Liam Worswick,50
776,Sherif Aziz,50
777,Mike McLean,50
778,Konnor Wilson,50
779,Aaron Schofield,50
780,Robert Ayres,50
781,Graham Duffy,50
782,Gavin Watkins,50
783,Jacob Stojanovic,50
784,Mark Paddon,49
785,Pete Lockwood,49
786,Tom Wainwright,49
787,Ben Richards,49
788,Joshua Steele,48
789,Paul Corcoran,48
790,Ross Buchanan,48
791,Bob Frazier,48
792,Samuel Sinclair,48
793,James Farmer,48
794,Damien Kaukonen,48
795,Raja Brothwood,48
796,Marcus Crawley,48
797,Gavin Gillies,48
798,Joe Doherty,48
799,Sean Farmery,48
800,Alan Anderson,47
801,Wayne Holt,47
802,Luke Corcoran,47
803,Greg Dann,47
804,Jonathan Cann,47
805,Andy Hall,47
806,Pete Allison,47
807,Will Hardy,47
808,Josh Wheeler,47
809,Glen Holeman,46
810,Sam Philips,46
811,Michael Thomas,46
812,Alex Cable,46
813,Adrian Thompson,46
814,Alex Gilbank,46
815,Cy Dudley,46
816,Mark Porter,46
817,Dan Wright,46
818,James Andrews,45
819,Thomas Richardson,45
820,Adam Connors,45
821,Chris White,45
822,Adam Chidlow,45
823,Alan Mandelson,45
824,Karl Wadley,45
825,Daniel Grant,45
826,James Woodward,45
827,Dave Holohan,45
828,Arron  Hazell,44
829,Josh Richardson,44
830,Adam Aiden,44
831,Richard Scott,44
832,Gary Hennessey,44
833,Jon Carroll,43
834,Hugh Wyeth,43
835,Rachel Marsh,43
836,Aiden McKenna,43
837,Bradley Walsh,43
838,Dave Perks,43
839,Leighton Krokoszynski,43
840,Tim Willoughby,43
841,Rich Partridge,43
842,Lewis Moorby,43
843,Andy Burgess,42
844,Stew Ca,42
845,David Lisle,42
846,Michael Crossley,42
847,Robert Dahm,42
848,Ming Lee,42
849,Jim Dixon,42
850,Steve Norris,42
851,Scott Pirie,42
852,Luke Clarke,42
853,Ben Gummer,42
854,Jack Burbidge,41
855,Henrik Salomonsen,41
856,James Cassidy,41
857,David McMorrow,41
858,Kristian Hack,41
859,Piotr Wlodarczyk,41
860,Gene Coates,41
861,Chris Fereday,41
862,Tim Bussell,41
863,Matt Sharp,41
864,Chris Roberts,40
865,Sean Houghton,40
866,Chris Cousens,40
867,John Twomey,40
868,Luke Kelly,40
869,Donald Mccallum,40
870,Sophie Williams,40
871,Pete Myhill,40
872,Peter Taylor,39
873,Thomas Challen,39
874,Matt Rogers,39
875,Tim Davis,39
876,Andy Campbell,39
877,Damian Elvidge,39
878,Max Halford,39
879,Matt Pardoe,38
880,Matthew Reiling,38
881,Gareth Hughes,38
882,Will Mott,38
883,James Hanson,38
884,Martin Brooke,38
885,Bryan Hatchett,37
886,Michael Hanns,37
887,William Clewer,37
888,Matt McDonnell,37
889,John Rees,37
890,John Perkins,37
891,Michael O'Connor,37
892,Jeremie Dijan,37
893,Bill Taylor,37
894,Jr Courtney,36
895,Kieran McParland,36
896,Elliot O'Neil,36
897,Chris Coles,36
898,Michael Dijan,36
899,Adam Hughes,36
900,Ivan Herrera,36
901,Barry Hall,36
902,Daniel Marshall,36
903,Ian Gilmore,36
904,Adrian Wilk,35
905,Jonathan  Delobelle,35
906,Dave Avery,35
907,James Harding,35
908,Julian Kowalski,35
909,Rob Noyes,35
910,Sean Rickets,35
911,Alex Cawthorne,35
912,Calum Todd,35
913,Tom Healey,35
914,Rik Eiddon,35
915,Wiktor Wadsten Mattisson,35
916,Andrew Hartwell,34
917,Ben Biddess,34
918,Andrew Dorman,34
919,Conor Considine,34
920,Damien Spirrell,34
921,Magnus Nedfors,34
922,Luke Taylor,34
923,John Laurie,34
924,Graeme Purcifer,34
925,Jason Fagan,34
926,Darren Powell,34
927,Tuggy Kay,33
928,Jerry Elvin,33
929,Sebastian Hedberg,33
930,Sebastian Sjostrom,33
931,Ashley Rowe,33
932,Graham Betteridge,33
933,Felix Andrews,33
934,Grzegorz Zeweld,33
935,Liam Prendergast,33
936,Matty Kane,33
937,Oliver Lockwood,33
938,Lee Foo,33
939,Karol Koman,33
940,Clint Mallet,33
941,Andrew Lonsdale,33
942,Rob Thomas,33
943,Rhys Inglis,33
944,Tyla Fearon,33
945,Oskar Carlefred,33
946,Carl Kennard,32
947,Simon Winter,32
948,Luce Follea,32
949,Simon Templeton,32
950,Adam Poolman,32
951,Murray Gaisford,32
952,Rick Nightingale,32
953,Chris Stokes,32
954,Sean O'Hara,31
955,Mark Chadwick,31
956,Simon Blais,31
957,Steffano Coppola,31
958,Charles Shepherd,31
959,Ross Pearson,31
960,Sean Ormerod,31
961,Laura Bates,31
962,Kevin Bour,31
963,Keith Price,31
964,Vitto Manetti,30
965,Pete Riordan,30
966,Thomas Maries,30
967,Steve Scribbins,30
968,Andrew Davies,30
969,James Hayday,30
970,Tom Courtier,30
971,Simon Walker,30
972,Ming Leu,30
973,Metin Sanders,30
974,Chris Thursten,30
975,Joe Emberton,30
976,Michael Blatherwick,30
977,Paul Maloney,30
978,James Mapson,30
979,Jerome Banyuls,30
980,Dawid Grzesik,30
981,Matthew Pridmore,29
982,Matt Ainge,29
983,Hannah Haigh,29
984,Kyle Salmond,29
985,Alexander Nygard,29
986,Phil Muscroft,29
987,Edward Folks,29
988,David Neri,29
989,Paul Richardson,29
990,Tom Field,29
991,Stu Orman,29
992,Charlie Foyster,29
993,Tom Newton,28
994,John Stangel,28
995,Sarah McComish,28
996,Jay Norman,28
997,Kieran Parnell,28
998,Christian Poon,28
999,Adam Wheeler,28
1000,Oliver Grimwood,28
1001,Grant Dearness,28
1002,Martin Wilson,28
1003,Phil Evans,27
1004,Richard Chambers,27
1005,Eric Song,27
1006,Chris Denmark,27
1007,Tom Cunnell,27
1008,Jake Harding,27
1009,Graham Dane,27
1010,Josh Gates,27
1011,Havard Berre,27
1012,Liam Williams,27
1013,Michael Beevor,27
1014,Robert Kelly,27
1015,Andrew Chapman,27
1016,Ben Furse,27
1017,Richard Bowker,27
1018,Charles Black,27
1019,Alexander Ford,27
1020,Lee Palmer,27
1021,Umar Ali,27
1022,Jai Channa,27
1023,Josh N,27
1024,Joerg Freyaldenhoven,26
1025,Adam Maiden,26
1026,Khaine Tully,26
1027,Timmy Larkin,26
1028,Chris Snell,26
1029,Paul Rollason,26
1030,Sophie Smith,25
1031,Mark Caseley,25
1032,Richard Hicks,25
1033,Andrew Mullan,25
1034,Ashley Bone,25
1035,Greig Summers,25
1036,Scott Wall,25
1037,Harry Sherwin,25
1038,Andrew Thompson,25
1039,Mark Bayliss,25
1040,Gabe Andrew,25
1041,Freddie Leggett,25
1042,Ben Swainson,25
1043,Buddy Lane,25
1044,Graham Wilson,25
1045,Mike Porter,24
1046,Becky Medeiros,24
1047,David Turner,24
1048,Luke Thomson,24
1049,Wayne Cooper,24
1050,Kieran Searles,24
1051,James Henley,24
1052,Rene Jellitsch,24
1053,Darren Kelso,24
1054,Aaron Drew,24
1055,Matt Guiver,24
1056,George Evans,24
1057,Chris Paton,24
1058,Dave McGill,24
1059,Right Eddon,23
1060,Paige Clare,23
1061,Alex Fleet,23
1062,Dylan Murray,23
1063,Caitlin Moore,23
1064,Chris Townshend,23
1065,Jon Redmond,23
1066,Benjamin Woodcock,23
1067,Mark Rawcliffe,23
1068,Daniel Elkinson,23
1069,Stephen Morrison,23
1070,Russell Hodge,23
1071,Harry O'Meara,23
1072,Joel Middleton,23
1073,Phil Moorhouse,23
1074,Jonathan Gregory,23
1075,Claire Hawken,22
1076,James Blair,22
1077,Steve Constance,22
1078,Mark Logan,22
1079,Carlos Estribio Gil,22
1080,Michael Mimnagh,22
1081,Richard Cunningham,22
1082,Richard Padget,22
1083,Patrick McComas,22
1084,Liam Jarvis,22
1085,Chris Rose,22
1086,Mark Tucker,22
1087,Sam Lowe,22
1088,Paul McElroy,21
1089,Dan Marriage,21
1090,Gareth Macey,21
1091,Ben Carter,21
1092,Ben Sollis,21
1093,Ryan Muza,21
1094,Simon Coe,21
1095,Jordan Bintcliffe,21
1096,Ciara Potter,21
1097,Gareth Cosby,21
1098,Matt Trickett,21
1099,David Marsh,21
1100,Jon Barwise,21
1101,Mike Hanlon,21
1102,Harry Sanderson,21
1103,Mark Kittle,21
1104,David Arnold,21
1105,Derrick Moutter,21
1106,Murillo Titon De Souza,21
1107,George Stone,20
1108,Stewart Callander,20
1109,Stephen Surgenor,20
1110,Sam Guy,20
1111,Eirik Lanes,20
1112,Graeme Wallace,20
1113,Chris Markou,20
1114,Ronnie Dodd,20
1115,Andrew Snow,20
1116,Will Hopwood,20
1117,Fraser Jenkings,20
1118,Andrew Ramsey,20
1119,Craig Moore,20
1120,David Harvey,20
1121,Adam Elford,20
1122,Gerard Cassidy,20
1123,Keir Egginton,19
1124,Julien Ginther,19
1125,Reece Walters,19
1126,Matthew Haggett,19
1127,John Harrison,19
1128,John Southgate,19
1129,Harry Sutton,19
1130,Tommy Potter,19
1131,Steven Knowles,19
1132,Liam Alford,19
1133,Gary Stephen,19
1134,Adam Fox,19
1135,Andy Toben,19
1136,Rick Chambers,19
1137,Michael Botterill,19
1138,Ant Ambrose,19
1139,Pete Kitson,19
1140,Dave Palmer,19
1141,Nick Pratt,19
1142,Lily Walsh,19
1143,Ash Gavin,19
1144,Ian Howarth,19
1145,David Norval,19
1146,Tomasz Namielski,19
1147,Matthew Malcolm,19
1148,Liam Albert,19
1149,Rob Wilshaw,19
1150,James Marshall,19
1151,Andrew Walls,19
1152,Jay Smith,19
1153,Chris Webster,19
